{"jit_duration": 0.37020440003834665, "run_time": 10.80038862559013, "steps_per_second": 296.28563479817865, "converged_worlds": 32, "step": 3372942.9471492767, "step.forward": 3371289.3736362457, "step.forward.fwd_position": 699606.4102649689, "step.forward.fwd_position.kinematics": 2002.9999781399965, "step.forward.fwd_position.com_pos": 1058.2400090061128, "step.forward.fwd_position.camlight": 269.4400039035827, "step.forward.fwd_position.flex": 163779.2007625103, "step.forward.fwd_position.crb": 905.9200150659308, "step.forward.fwd_position.tendon_armature": 45.759999884467106, "step.forward.fwd_position.collision": 4872.3199451342225, "step.forward.fwd_position.collision.sap_broadphase": 2449.919923674315, "step.forward.fwd_position.collision.convex_narrowphase": 1553.6000113934278, "step.forward.fwd_position.collision.primitive_narrowphase": 618.5599823947996, "step.forward.fwd_position.make_constraint": 526004.798412323, "step.forward.fwd_position.transmission": 222.0700029283762, "step.forward.sensor_pos": 43.199999890930485, "step.forward.fwd_velocity": 5842.879982665181, "step.forward.fwd_velocity.com_vel": 1136.6400308907032, "step.forward.fwd_velocity.passive": 1765.760014532134, "step.forward.fwd_velocity.rne": 1763.840012717992, "step.forward.fwd_velocity.tendon_bias": 44.79999988689087, "step.forward.sensor_vel": 46.71999988204334, "step.forward.fwd_actuation": 312.95999593567103, "step.forward.fwd_acceleration": 5394.880059175193, "step.forward.fwd_acceleration.xfrc_accumulate": 4048.0000618845224, "step.forward.solve": 2659554.5649528503, "step.forward.solve.mul_m": 282.88000816246495, "step.forward.solve.solve_m": 706.2400004360825, "step.forward.sensor_acc": 46.39999988285126, "step.euler": 1510.0800280924886, "model_memory": 47071455, "data_memory": 3143558412, "total_memory": 2304507904, "ncon_mean": 914.755, "ncon_p95": 915.8125, "nefc_mean": 6196.92, "nefc_p95": 6203.0, "solver_niter_mean": 4.10875, "solver_niter_p95": 10.0, "commit": "da826fc5e980eec7471c330627ee29d0594c8595", "timestamp": "2026-01-16T19:16:04+00:00"}