{"jit_duration": 0.6858151599299163, "run_time": 4.27167345257476, "steps_per_second": 1917749.5871231111, "converged_worlds": 8192, "step": 519.4041559589095, "step.forward": 512.6839840086177, "step.forward.fwd_position": 231.27632035175338, "step.forward.fwd_position.kinematics": 34.880238425103016, "step.forward.fwd_position.com_pos": 9.157875313576369, "step.forward.fwd_position.camlight": 1.8898749668778692, "step.forward.fwd_position.flex": 0.1757499995562739, "step.forward.fwd_position.crb": 10.23074981640093, "step.forward.fwd_position.tendon_armature": 0.17624999955501153, "step.forward.fwd_position.collision": 157.9610000626417, "step.forward.fwd_position.collision.nxn_broadphase": 84.08199974655872, "step.forward.fwd_position.collision.convex_narrowphase": 71.25775005079049, "step.forward.fwd_position.collision.primitive_narrowphase": 1.6437500009942596, "step.forward.fwd_position.make_constraint": 13.69687517035345, "step.forward.fwd_position.transmission": 1.3597695397038478, "step.forward.sensor_pos": 0.17474999955879866, "step.forward.fwd_velocity": 31.052324076881632, "step.forward.fwd_velocity.com_vel": 9.199125260238361, "step.forward.fwd_velocity.passive": 1.2198750237075728, "step.forward.fwd_velocity.rne": 12.353875087683264, "step.forward.fwd_velocity.tendon_bias": 0.17524999955753628, "step.forward.sensor_vel": 0.17249999959290108, "step.forward.fwd_actuation": 1.5925000367360553, "step.forward.fwd_acceleration": 7.77900013144972, "step.forward.fwd_acceleration.xfrc_accumulate": 1.8991952798614875, "step.forward.solve": 238.61199986276915, "step.forward.solve.mul_m": 3.0866249421706016, "step.forward.sensor_acc": 0.1733749995622702, "step.euler": 6.147874931230035, "model_memory": 5643560, "data_memory": 448192524, "total_memory": 2280980480, "ncon_mean": 5.822873046875, "ncon_p95": 15.296838378906246, "nefc_mean": 18.333, "nefc_p95": 24.0, "solver_niter_mean": 2.4991240234375, "solver_niter_p95": 5.0, "commit": "da826fc5e980eec7471c330627ee29d0594c8595", "timestamp": "2026-01-16T19:16:04+00:00"}