{"jit_duration": 0.6008572888094932, "run_time": 12.028297966113314, "steps_per_second": 681060.6141516353, "converged_worlds": 8192, "step": 1466.42786427401, "step.forward": 1463.7656166451052, "step.forward.fwd_position": 947.8993866359815, "step.forward.fwd_position.kinematics": 59.09232819249155, "step.forward.fwd_position.com_pos": 10.464124894497218, "step.forward.fwd_position.camlight": 1.9352499741671636, "step.forward.fwd_position.flex": 0.17899999954806844, "step.forward.fwd_position.crb": 18.62150031593046, "step.forward.fwd_position.tendon_armature": 0.18199999954049417, "step.forward.fwd_position.collision": 807.4923754902557, "step.forward.fwd_position.collision.nxn_broadphase": 788.8089110492729, "step.forward.fwd_position.collision.convex_narrowphase": 0.1842499996485003, "step.forward.fwd_position.collision.primitive_narrowphase": 17.54287503717933, "step.forward.fwd_position.make_constraint": 45.903999998699874, "step.forward.fwd_position.transmission": 2.2064101783598744, "step.forward.sensor_pos": 2.206457069632961, "step.forward.fwd_velocity": 45.251347688463284, "step.forward.fwd_velocity.com_vel": 12.925374796395772, "step.forward.fwd_velocity.passive": 1.4182499782009472, "step.forward.fwd_velocity.rne": 19.060500195337227, "step.forward.fwd_velocity.tendon_bias": 0.17687499955343355, "step.forward.sensor_vel": 1.0277500030042575, "step.forward.fwd_actuation": 1.9679999778645652, "step.forward.fwd_acceleration": 16.494125073222676, "step.forward.fwd_acceleration.xfrc_accumulate": 3.2025897958192218, "step.forward.solve": 419.0537499380298, "step.forward.solve.mul_m": 5.297749977444255, "step.forward.sensor_acc": 27.64237484007026, "step.forward.sensor_acc.rne_postconstraint": 26.075625049998052, "step.euler": 2.1183749909141625, "model_memory": 226558355, "data_memory": 2500141068, "total_memory": 2280849408, "ncon_mean": 8.837483520507812, "ncon_p95": 13.350128173828121, "nefc_mean": 73.916, "nefc_p95": 83.0, "solver_niter_mean": 2.40735205078125, "solver_niter_p95": 4.0, "commit": "da826fc5e980eec7471c330627ee29d0594c8595", "timestamp": "2026-01-16T19:16:04+00:00"}